"","Organic X Homepage Orders","Direct X Homepage Orders","Google Search X Homepage Orders","YouTube x Homepage Orders","Facbeook x Homepage Orders","Snapchat X Homepage Orders","Organic X Mattress Page Orders","Direct X Mattress Page Orders","Google Search X Mattress Page Orders","YouTube x Mattress Page Orders","Facbeook x Mattress Page Orders","Snapchat X Mattress Page Orders","Organic X Bedding Page Orders","Direct X Bedding Page Orders","Google Search X Bedding Page Orders","YouTube x Bedding Page Orders","Facbeook x Bedding Page Orders","Snapchat X Bedding Page Orders","Organic X Retail Locations Page Orders","Direct X Retail Locations Page Orders","Google Search X Retail Locations Page Orders","YouTube x Retail Locations Page Orders","Facbeook x Retail Locations Page Orders","Snapchat X Retail Locations Page Orders"
"2019-01-01",261,257,353,100,126,106,247,260,365,98,119,118,255,289,366,81,116,116,2,3,0,0,3,2
"2019-01-02",261,262,363,107,137,122,258,275,364,97,126,120,266,274,354,98,136,111,1,3,6,3,4,5
"2019-01-03",236,263,368,84,110,104,268,278,352,90,108,131,256,269,370,91,112,124,1,2,3,1,0,2
"2019-01-04",256,291,362,102,131,121,252,271,355,99,117,123,254,284,378,91,111,118,8,4,1,2,1,2
"2019-01-05",254,270,363,100,115,110,245,257,349,84,125,120,260,284,348,106,122,114,2,0,2,3,4,3
"2019-01-06",272,284,354,107,139,108,274,267,355,110,131,117,266,279,369,96,115,102,3,0,1,1,4,3
"2019-01-07",258,265,355,94,116,123,270,273,358,88,130,113,254,259,351,122,130,124,1,2,3,0,0,0
"2019-01-08",246,269,352,103,137,118,268,257,365,92,134,121,256,283,370,124,111,120,3,0,3,3,2,2
"2019-01-09",253,271,351,100,103,110,266,269,361,94,117,128,266,271,365,90,114,123,0,2,2,1,2,2
"2019-01-10",272,269,355,110,124,110,270,274,364,93,94,116,272,272,368,108,122,122,2,2,0,2,2,2
"2019-01-11",251,259,352,88,131,119,262,263,365,84,95,115,261,254,366,112,117,141,3,0,5,0,1,3
"2019-01-12",273,276,352,95,138,119,260,267,360,101,115,111,276,268,378,105,116,116,1,0,1,3,1,3
"2019-01-13",262,272,368,97,112,120,233,266,369,126,124,129,253,266,339,115,108,109,3,3,1,1,0,2
"2019-01-14",246,259,357,93,112,117,266,270,364,93,110,110,246,278,352,91,126,124,5,2,7,0,4,2
"2019-01-15",269,282,351,100,103,121,266,270,358,96,141,139,256,266,365,93,118,121,0,6,4,1,2,1
"2019-01-16",264,276,361,75,120,113,269,264,372,89,125,112,272,254,372,91,127,141,2,2,0,6,0,0
"2019-01-17",270,276,352,103,111,127,250,266,354,104,115,116,277,279,369,100,127,120,0,1,4,2,1,0
"2019-01-18",257,266,370,115,117,113,247,254,359,99,119,110,257,282,354,101,152,117,3,2,5,1,0,2
"2019-01-19",240,262,356,92,129,117,258,263,363,106,129,121,264,260,354,105,118,118,3,1,1,1,5,3
"2019-01-20",248,286,365,103,98,104,263,283,362,99,104,121,246,267,370,103,116,130,0,1,0,3,2,0
"2019-01-21",259,265,357,95,110,123,276,265,352,120,128,111,264,256,359,95,110,124,2,0,3,4,1,0
"2019-01-22",271,261,354,108,97,111,271,278,361,100,117,106,272,281,354,96,111,117,3,3,2,2,4,0
"2019-01-23",284,267,359,85,126,140,255,253,335,101,127,123,265,276,360,110,127,91,5,1,0,0,1,4
"2019-01-24",266,271,365,121,124,137,255,265,363,107,113,105,257,275,368,97,128,109,0,1,2,2,0,0
"2019-01-25",266,281,365,86,112,100,260,270,347,106,115,106,263,261,350,94,120,112,0,2,0,0,3,3
"2019-01-26",265,270,356,96,126,106,264,270,362,105,115,108,242,279,367,96,127,100,2,1,1,1,2,2
"2019-01-27",265,268,346,99,106,109,268,271,357,111,126,118,263,289,350,101,130,123,3,2,0,1,5,2
"2019-01-28",263,266,340,94,129,100,273,293,372,106,132,117,247,261,350,105,132,110,1,1,2,1,6,4
"2019-01-29",257,261,350,95,126,116,254,259,354,88,125,126,277,263,371,98,114,101,4,4,2,0,0,2
"2019-01-30",253,271,379,99,117,123,247,268,373,101,126,111,250,270,366,105,131,119,3,1,0,3,0,0
"2019-01-31",253,259,352,109,123,139,258,272,373,110,117,118,255,269,363,120,117,128,7,7,2,0,0,2
"2019-02-01",234,261,369,97,135,131,273,267,371,94,125,111,239,280,377,99,107,111,2,1,1,1,0,1
"2019-02-02",238,266,353,113,109,118,252,281,362,113,127,135,250,279,349,99,98,133,0,0,1,0,3,0
"2019-02-03",262,271,370,107,122,128,238,266,364,94,112,130,265,275,360,98,134,115,2,5,3,5,0,1
"2019-02-04",262,261,348,108,128,113,251,263,359,108,115,123,249,255,363,103,118,110,0,2,2,7,0,4
"2019-02-05",254,280,370,108,98,119,246,268,349,96,129,121,236,274,383,109,112,122,0,3,1,5,0,2
"2019-02-06",272,259,349,97,110,130,270,268,358,80,118,120,262,256,379,109,116,108,0,4,0,0,0,1
"2019-02-07",265,268,339,92,120,105,274,268,352,101,116,119,268,287,360,107,119,127,7,2,0,2,0,1
"2019-02-08",244,285,366,101,121,121,244,267,358,84,129,128,275,276,347,93,114,112,0,2,0,0,3,0
"2019-02-09",240,278,360,100,132,103,269,277,352,102,121,114,277,263,361,100,121,112,4,3,4,0,0,7
"2019-02-10",259,252,354,93,123,121,263,271,359,89,111,106,250,268,370,104,135,123,2,4,3,1,2,0
"2019-02-11",266,262,359,91,114,119,257,276,368,102,121,114,259,280,363,108,120,120,1,2,1,2,0,3
"2019-02-12",257,271,364,107,124,119,272,262,365,117,119,128,268,259,341,88,132,124,2,1,0,0,1,0
"2019-02-13",251,268,352,90,132,111,268,280,351,91,129,126,274,284,369,106,125,128,3,1,0,2,5,3
"2019-02-14",249,270,359,100,116,120,257,267,363,98,104,127,247,259,368,97,106,114,1,0,3,5,0,5
"2019-02-15",262,265,341,79,127,105,250,250,359,88,125,117,254,261,352,98,127,124,2,1,0,1,2,0
"2019-02-16",262,272,356,79,112,109,255,276,359,95,123,101,245,277,360,132,141,111,0,4,2,1,1,0
"2019-02-17",270,277,361,106,119,139,243,249,357,92,111,103,259,272,335,114,127,99,3,3,6,0,1,2
"2019-02-18",274,266,361,110,118,125,263,263,369,113,127,115,260,271,369,103,118,124,5,3,0,3,0,0
"2019-02-19",273,287,360,89,123,131,241,250,347,95,125,115,256,276,356,108,122,132,4,2,1,4,3,0
"2019-02-20",265,283,354,93,121,119,267,275,338,99,121,112,244,278,358,106,122,113,2,0,3,0,2,2
"2019-02-21",251,275,358,95,112,116,246,279,376,101,120,118,255,266,355,98,103,118,5,8,3,0,4,1
"2019-02-22",271,280,334,93,143,132,265,254,373,99,123,124,274,264,341,104,111,110,5,0,6,3,1,0
"2019-02-23",250,272,361,92,121,111,253,271,351,105,116,126,249,263,363,109,130,111,3,3,5,2,6,2
"2019-02-24",272,280,353,113,122,120,266,271,355,94,120,104,256,275,369,91,124,123,2,4,1,4,3,3
"2019-02-25",258,269,353,88,130,122,255,264,363,112,119,113,247,253,375,100,113,125,2,0,3,3,1,4
"2019-02-26",280,270,370,108,131,131,255,266,355,92,118,122,271,268,354,140,103,113,3,3,0,3,6,6
"2019-02-27",257,275,364,91,120,119,248,282,347,114,102,108,265,287,359,103,121,130,4,0,0,0,0,4
"2019-02-28",237,276,348,98,121,121,253,271,357,85,112,131,257,267,356,94,115,106,0,0,5,1,1,2
"2019-03-01",272,281,356,104,137,108,264,285,376,124,110,101,278,266,367,88,119,133,1,0,1,1,4,1
"2019-03-02",248,264,346,91,125,109,244,277,353,105,118,126,267,247,351,85,137,117,2,2,2,0,0,2
"2019-03-03",246,276,353,104,123,123,260,276,363,89,125,127,268,281,356,104,117,119,0,5,3,3,2,3
"2019-03-04",283,257,336,103,119,125,276,263,369,99,114,118,253,269,357,100,121,118,2,5,0,0,1,0
"2019-03-05",260,293,369,114,113,106,248,266,351,103,99,121,276,256,360,107,121,109,0,4,0,0,3,0
"2019-03-06",252,273,362,95,125,105,262,266,364,91,97,116,254,262,376,107,108,121,1,2,2,1,1,1
"2019-03-07",257,267,352,107,106,119,262,256,383,103,125,121,274,272,359,107,120,114,3,1,4,2,0,2
"2019-03-08",260,261,367,127,107,112,253,281,366,111,126,129,252,263,343,103,120,122,0,3,0,0,0,1
"2019-03-09",271,261,355,101,130,114,261,268,343,109,132,121,264,279,372,107,120,141,0,2,3,3,0,2
"2019-03-10",258,279,352,90,131,114,242,260,350,85,116,135,254,264,374,88,135,128,0,0,0,0,1,5
"2019-03-11",261,260,361,104,123,115,238,271,368,104,124,125,264,282,369,103,117,124,1,3,4,1,3,2
"2019-03-12",250,272,353,129,101,118,257,278,355,104,114,98,263,291,361,107,118,115,2,0,3,0,7,1
"2019-03-13",260,273,365,90,115,120,265,257,375,104,116,114,266,266,352,109,97,106,1,1,0,6,5,3
"2019-03-14",256,287,364,103,136,129,249,271,366,125,125,125,249,279,361,97,127,121,1,2,2,1,2,0
"2019-03-15",242,240,365,102,124,125,269,277,347,83,114,111,261,272,358,107,118,114,0,0,1,1,4,2
"2019-03-16",248,266,354,104,111,128,263,266,346,110,123,113,254,284,369,95,113,126,4,1,1,2,0,5
"2019-03-17",269,265,370,95,117,123,259,266,370,100,125,110,268,274,352,107,130,123,0,2,0,8,2,3
"2019-03-18",257,292,359,109,113,128,265,272,372,111,120,122,280,256,356,93,126,113,5,1,0,0,1,1
"2019-03-19",276,280,381,107,144,111,252,248,355,105,119,115,259,281,365,94,113,111,5,4,2,3,1,3
"2019-03-20",259,262,371,72,115,121,265,285,383,96,121,132,268,268,361,96,127,116,4,0,0,4,3,1
"2019-03-21",265,265,364,99,113,111,255,261,363,115,108,127,251,279,356,79,138,113,1,2,2,3,4,2
"2019-03-22",272,260,357,107,119,124,259,266,354,79,129,118,265,260,366,111,113,119,2,1,0,0,2,0
"2019-03-23",244,267,375,93,134,112,243,260,353,99,114,133,269,271,360,96,132,113,0,0,1,6,4,0
"2019-03-24",248,257,382,81,136,124,244,260,349,95,117,126,253,270,382,86,118,114,0,2,0,0,8,3
"2019-03-25",258,263,362,94,116,126,259,274,372,107,107,133,262,268,356,102,129,131,2,2,2,1,2,3
"2019-03-26",263,290,364,104,112,110,257,256,363,89,118,135,259,257,375,114,130,117,1,1,3,0,3,2
"2019-03-27",267,294,363,105,127,117,253,251,360,106,139,107,261,265,363,97,102,122,0,2,1,1,4,1
"2019-03-28",272,262,385,90,144,129,250,267,369,98,114,119,257,277,372,88,118,91,1,0,0,6,1,1
"2019-03-29",258,266,371,105,128,113,260,269,366,106,120,122,262,265,371,101,132,100,2,2,0,3,4,0
"2019-03-30",247,264,378,96,114,107,260,297,364,105,117,116,261,269,366,86,115,135,1,3,6,0,0,1
"2019-03-31",271,274,350,94,113,134,262,257,358,95,136,123,256,268,365,107,91,109,1,3,0,1,0,2
"2019-04-01",264,285,349,98,134,119,269,276,370,106,136,110,258,266,347,104,127,117,2,0,2,2,2,4
"2019-04-02",251,273,353,100,116,119,267,264,361,97,111,119,266,264,336,98,124,117,0,1,3,3,2,0
"2019-04-03",255,287,356,98,125,122,262,266,343,99,115,117,250,285,356,98,132,127,1,1,2,1,3,0
"2019-04-04",258,263,365,96,122,117,258,263,358,98,132,112,259,279,359,76,131,123,3,1,1,0,0,1
"2019-04-05",268,265,359,100,120,107,262,285,356,98,112,121,276,274,362,104,117,123,0,2,1,3,1,0
"2019-04-06",257,264,354,89,124,112,262,272,380,96,111,107,269,260,352,91,115,122,0,4,3,0,5,0
"2019-04-07",248,265,356,113,125,146,262,265,361,77,120,126,271,267,363,88,132,138,1,0,4,5,3,3
"2019-04-08",261,271,362,107,134,131,262,257,358,98,115,130,258,266,367,96,131,131,1,2,0,2,2,0
"2019-04-09",250,258,362,88,111,141,262,263,340,116,129,119,258,275,357,94,121,133,2,0,1,0,4,1
"2019-04-10",267,259,339,101,110,113,250,278,365,117,117,101,259,250,353,97,126,138,0,3,4,1,1,0
"2019-04-11",257,260,371,101,123,124,261,272,354,91,109,128,269,269,361,93,116,113,1,2,1,6,2,3
"2019-04-12",267,259,356,90,119,118,269,284,363,87,110,116,266,262,351,104,124,100,0,0,3,0,8,3
"2019-04-13",245,268,371,111,121,119,248,292,365,96,110,121,257,271,355,86,135,113,5,1,2,5,4,3
"2019-04-14",273,259,376,91,123,108,278,268,375,99,115,121,259,269,360,94,125,108,2,1,5,0,2,2
"2019-04-15",268,263,364,81,111,120,281,264,356,107,126,130,268,263,358,100,123,118,1,0,3,3,2,1
"2019-04-16",275,277,354,106,112,128,249,257,334,85,123,113,252,275,355,95,133,99,6,3,4,0,1,0
"2019-04-17",254,280,365,92,134,123,255,275,359,99,106,116,271,262,354,93,114,117,2,1,6,5,1,0
"2019-04-18",259,263,351,96,108,135,257,258,367,101,126,134,266,284,354,95,134,112,1,0,0,1,1,1
"2019-04-19",269,267,364,106,129,106,264,288,372,115,125,127,257,267,345,98,103,142,4,4,7,0,4,5
"2019-04-20",261,280,359,115,144,120,265,278,360,90,118,139,260,279,360,96,116,110,4,0,2,3,1,2
"2019-04-21",273,274,339,89,129,124,259,257,368,115,123,118,266,272,366,82,127,126,2,0,4,2,1,0
"2019-04-22",262,291,369,86,125,120,252,277,360,89,117,107,255,255,346,98,127,114,2,1,0,5,0,1
"2019-04-23",271,252,348,98,109,124,276,276,369,94,116,132,251,263,360,97,125,127,7,1,0,0,0,5
"2019-04-24",254,277,366,95,110,112,261,261,360,109,127,113,254,284,374,92,122,114,1,1,0,5,3,3
"2019-04-25",262,284,367,111,130,128,251,260,364,96,119,112,275,271,352,112,119,127,0,5,3,1,3,2
"2019-04-26",276,273,364,95,136,117,266,262,384,87,102,126,256,259,360,91,122,106,1,4,5,2,0,0
"2019-04-27",256,266,358,108,135,112,264,262,349,114,130,123,272,283,347,99,128,108,6,3,4,2,0,1
"2019-04-28",250,258,353,94,129,138,234,269,338,96,117,120,250,267,359,112,115,110,1,0,0,0,0,3
"2019-04-29",244,261,345,89,117,109,275,276,382,93,111,118,264,264,344,108,122,114,4,4,2,1,0,1
"2019-04-30",260,261,350,107,108,114,258,263,366,89,112,108,271,272,365,103,119,102,4,4,1,1,1,1
"2019-05-01",273,261,356,100,114,110,259,274,365,99,120,124,250,277,354,86,115,136,0,4,2,2,1,1
"2019-05-02",276,278,357,101,121,102,267,261,354,97,109,123,259,283,379,101,138,125,1,3,1,3,0,1
"2019-05-03",255,278,347,102,127,121,264,255,355,98,128,104,249,269,356,111,117,96,0,3,1,2,3,2
"2019-05-04",270,277,358,93,131,123,270,279,339,73,119,125,282,269,380,102,125,124,0,1,1,3,6,0
"2019-05-05",267,281,365,86,122,108,263,271,374,99,120,125,278,265,374,124,121,117,2,0,0,0,1,2
"2019-05-06",280,273,355,113,127,120,251,269,348,93,119,123,260,266,359,93,116,127,2,4,3,2,1,3
"2019-05-07",273,270,350,99,109,115,269,255,355,102,124,113,265,265,363,110,113,123,4,1,0,0,1,0
"2019-05-08",255,277,373,93,116,105,255,263,370,96,125,115,274,266,381,102,110,127,4,1,0,1,1,1
"2019-05-09",272,260,362,96,113,111,278,268,378,83,116,106,260,276,361,102,122,90,1,0,2,1,2,4
"2019-05-10",271,256,382,85,127,121,271,293,364,106,136,123,272,275,362,79,131,118,6,3,0,4,0,2
"2019-05-11",258,284,351,100,119,121,265,284,369,96,99,114,261,288,375,96,115,130,1,1,0,5,3,0
"2019-05-12",245,273,371,100,110,118,228,278,375,97,99,119,273,273,368,91,117,115,4,1,7,1,0,1
"2019-05-13",270,275,347,90,99,113,261,279,341,89,118,107,264,261,361,95,118,112,3,2,2,5,0,0
"2019-05-14",236,273,353,96,110,129,268,260,366,105,104,117,262,273,361,103,96,116,1,0,0,0,1,8
"2019-05-15",255,282,365,112,114,122,271,256,377,108,114,109,244,282,362,114,130,108,3,0,5,2,5,1
"2019-05-16",260,276,372,91,119,126,255,259,349,120,123,126,266,267,358,103,129,113,1,3,0,0,2,4
"2019-05-17",245,269,372,88,120,115,259,277,381,94,125,105,266,300,362,106,133,126,1,2,2,2,2,0
"2019-05-18",257,276,376,94,112,135,256,277,371,92,120,117,275,268,338,91,116,135,0,1,4,1,2,2
"2019-05-19",256,267,363,99,128,111,280,271,368,92,125,114,241,266,356,90,132,104,3,0,1,0,5,5
"2019-05-20",265,269,355,113,106,130,257,281,368,105,124,112,273,272,373,91,129,131,1,0,1,0,1,2
"2019-05-21",242,277,366,98,111,117,279,271,355,87,119,108,291,260,364,109,126,133,3,0,0,3,0,7
"2019-05-22",258,278,358,95,151,114,252,291,361,97,121,131,266,283,365,96,122,135,3,4,3,3,0,2
"2019-05-23",267,269,357,101,118,116,264,263,366,96,121,132,257,284,354,107,123,112,2,1,0,1,0,4
"2019-05-24",281,260,369,102,106,109,261,273,358,79,129,122,259,277,362,102,116,136,0,2,3,2,4,0
"2019-05-25",266,267,368,80,125,108,239,260,353,84,101,116,259,269,368,85,110,122,3,1,8,2,2,0
"2019-05-26",244,264,356,100,117,121,242,265,358,108,100,124,261,262,370,96,129,111,2,0,4,5,4,1
"2019-05-27",260,264,364,108,121,121,251,265,364,90,122,103,262,271,357,102,126,102,0,2,2,1,2,2
"2019-05-28",255,274,350,91,129,112,261,262,351,111,104,137,240,283,358,89,108,143,5,1,1,3,5,1
"2019-05-29",256,268,369,85,139,118,266,278,359,98,137,122,255,253,341,94,119,101,0,0,1,0,0,1
"2019-05-30",281,259,346,116,118,107,264,273,354,89,130,124,251,279,352,115,124,117,1,4,2,0,2,1
"2019-05-31",261,262,356,106,113,130,253,254,366,105,115,106,248,276,360,96,101,131,3,5,0,2,2,2
"2019-06-01",256,273,373,106,134,121,252,276,365,80,119,128,278,277,354,69,119,110,1,1,0,0,2,0
"2019-06-02",269,269,360,94,119,125,270,256,355,90,114,124,257,281,364,113,122,122,3,1,2,2,1,2
"2019-06-03",263,269,361,102,116,122,249,276,362,97,110,129,259,263,358,97,126,105,0,1,1,3,2,2
"2019-06-04",272,268,372,107,140,136,270,264,362,95,96,130,267,267,358,113,116,113,1,1,0,1,4,0
"2019-06-05",257,290,369,105,125,123,269,268,362,112,114,119,248,242,349,106,122,111,0,1,3,2,1,4
"2019-06-06",256,259,347,109,109,128,259,269,361,109,108,114,256,270,359,84,122,108,1,3,2,2,0,2
"2019-06-07",269,274,359,100,114,119,266,251,340,105,132,120,260,269,334,109,123,132,0,0,2,0,0,1
"2019-06-08",264,273,350,93,121,122,258,275,363,91,133,116,245,280,345,83,129,112,0,3,4,0,3,2
"2019-06-09",260,268,375,114,134,124,263,256,357,86,122,103,278,263,357,106,112,121,4,1,2,1,1,3
"2019-06-10",251,268,367,112,131,125,266,276,373,102,115,132,246,279,356,114,127,119,1,0,2,1,4,3
"2019-06-11",266,268,353,106,104,92,256,259,367,108,125,107,253,290,369,97,121,115,1,1,0,0,0,1
"2019-06-12",262,280,365,114,122,101,263,252,372,121,118,116,275,258,363,97,117,111,3,0,4,4,0,0
"2019-06-13",254,266,366,102,116,139,261,266,356,112,113,134,256,273,367,106,111,139,3,1,1,0,6,0
"2019-06-14",272,264,365,95,113,112,266,248,357,92,103,102,256,275,379,107,122,134,1,1,2,2,1,3
"2019-06-15",246,262,354,110,124,122,250,269,360,106,110,108,258,278,360,107,114,120,0,0,7,2,6,4
"2019-06-16",250,272,356,79,137,113,261,272,373,109,96,117,268,278,362,97,117,117,0,2,2,1,2,0
"2019-06-17",253,273,374,102,107,124,279,264,361,99,122,132,248,259,347,99,131,129,1,1,1,1,2,0
"2019-06-18",229,255,364,104,130,110,276,267,363,101,112,123,267,280,361,101,114,122,3,0,4,3,2,5
"2019-06-19",261,284,358,88,109,116,263,264,335,100,108,110,257,261,334,92,115,119,3,0,3,1,1,0
"2019-06-20",247,265,345,92,112,116,258,268,376,93,122,104,288,272,346,79,112,116,3,1,0,3,3,2
"2019-06-21",281,279,381,92,121,101,262,270,367,99,135,114,255,261,359,95,117,125,0,2,0,2,5,4
"2019-06-22",250,270,364,108,99,123,251,253,352,103,138,121,257,269,360,100,123,131,3,1,3,2,2,3
"2019-06-23",253,267,356,90,132,118,261,271,361,102,130,115,263,260,344,94,127,118,0,3,5,6,2,1
"2019-06-24",267,248,357,96,115,117,259,276,355,101,109,124,245,265,371,97,128,127,3,0,3,1,2,2
"2019-06-25",265,279,364,117,110,122,274,261,359,103,117,128,277,274,368,86,121,112,1,2,3,2,6,2
"2019-06-26",268,247,345,94,129,114,254,275,350,101,138,110,258,272,352,103,120,130,2,1,0,3,3,4
"2019-06-27",235,269,359,89,102,121,263,273,354,93,103,116,263,271,363,86,114,128,2,0,1,0,1,2
"2019-06-28",256,260,369,101,123,117,239,262,362,94,108,135,263,268,348,86,130,115,1,1,4,3,2,3
"2019-06-29",261,265,346,95,123,121,272,242,351,101,129,132,259,264,349,92,130,114,2,1,4,2,2,2
"2019-06-30",274,277,361,106,110,132,269,261,347,99,116,143,245,268,364,102,115,116,1,0,3,4,1,3
"2019-07-01",263,262,361,99,123,126,261,275,361,108,110,134,261,264,360,102,100,110,1,3,4,6,1,5
"2019-07-02",271,257,367,113,100,107,273,275,353,113,115,125,265,240,372,87,116,131,3,1,2,4,0,4
"2019-07-03",272,291,352,93,114,130,251,263,367,101,116,122,252,274,345,89,118,119,0,4,3,3,1,3
"2019-07-04",260,260,350,95,126,132,249,283,365,90,117,120,266,267,366,89,115,123,4,1,0,4,3,3
"2019-07-05",259,278,348,102,114,126,261,267,365,117,98,121,258,281,356,88,119,111,7,1,2,1,1,3
"2019-07-06",280,268,347,94,124,120,260,275,354,93,132,115,264,271,357,104,109,119,2,3,3,2,0,8
"2019-07-07",257,287,380,107,106,128,254,266,363,112,122,112,266,277,351,89,132,124,2,0,0,2,1,0
"2019-07-08",248,275,350,106,116,106,268,277,371,103,120,125,242,285,364,90,110,119,4,3,0,1,0,1
"2019-07-09",246,283,363,102,134,122,251,255,353,94,128,127,263,264,352,92,106,141,2,1,0,0,3,2
"2019-07-10",259,276,365,92,117,115,268,276,349,100,131,105,256,260,369,108,114,129,1,1,3,2,2,2
"2019-07-11",268,273,359,109,128,123,252,272,367,108,124,120,283,273,362,91,115,115,1,1,1,3,1,0
"2019-07-12",258,279,352,100,131,123,257,264,356,103,124,123,261,282,370,91,125,118,2,6,5,1,2,3
"2019-07-13",272,277,343,97,113,98,265,267,352,102,120,120,243,267,355,100,109,129,2,1,1,2,1,2
"2019-07-14",269,267,374,100,105,106,266,268,369,115,132,117,250,255,367,112,124,129,0,4,1,4,2,4
"2019-07-15",233,275,360,97,105,123,271,284,365,94,127,133,269,278,354,85,135,128,3,1,3,0,0,1
"2019-07-16",255,256,350,102,136,114,254,274,359,114,111,129,272,272,359,92,137,118,1,5,0,2,1,1
"2019-07-17",244,270,346,99,98,127,252,277,356,107,123,124,243,264,367,110,117,127,3,1,3,2,0,1
"2019-07-18",267,271,373,105,119,113,267,262,347,97,107,135,244,250,348,83,110,123,1,2,3,4,2,1
"2019-07-19",258,261,365,97,112,118,272,270,359,90,103,116,261,268,344,107,133,132,4,1,3,0,0,2
"2019-07-20",259,253,355,86,126,133,268,270,364,106,122,96,268,279,353,93,114,112,3,8,3,0,2,2
"2019-07-21",264,282,356,105,114,117,244,281,361,100,136,121,254,264,358,87,128,131,2,0,1,2,3,3
"2019-07-22",266,267,358,114,122,128,259,263,363,86,134,126,269,284,357,96,119,125,2,1,1,1,1,1
"2019-07-23",265,282,349,99,127,107,254,258,351,120,115,136,272,266,359,87,113,115,4,2,6,0,2,1
"2019-07-24",261,257,377,93,128,114,260,282,356,98,102,119,261,277,355,105,114,118,2,1,1,2,0,1
"2019-07-25",264,268,343,92,115,125,260,258,350,95,111,110,267,271,364,100,119,119,1,4,2,5,0,0
"2019-07-26",254,270,374,95,119,129,255,264,361,92,125,140,254,286,368,90,131,128,0,1,1,5,0,1
"2019-07-27",256,278,351,94,113,133,258,264,373,101,131,138,262,276,371,76,109,128,2,0,2,2,7,1
"2019-07-28",256,278,354,98,136,121,280,280,349,83,124,125,256,270,358,105,104,124,3,2,0,3,6,2
"2019-07-29",244,252,345,78,127,95,268,275,372,98,90,123,273,294,347,113,124,129,2,3,0,1,2,2
"2019-07-30",248,270,371,95,114,119,248,250,354,94,134,109,265,264,363,93,122,94,0,3,2,0,2,2
"2019-07-31",262,263,354,96,135,114,250,264,356,106,110,121,269,273,379,111,121,123,2,1,2,3,4,2
"2019-08-01",263,274,356,109,115,120,262,267,353,92,125,122,275,252,363,100,120,109,3,1,0,0,1,0
"2019-08-02",270,269,376,95,123,117,248,269,364,108,125,130,274,273,336,106,115,116,1,1,0,4,0,3
"2019-08-03",262,279,352,108,124,119,267,275,361,104,109,105,255,264,351,99,107,110,3,1,1,2,1,0
"2019-08-04",257,259,368,83,109,109,245,283,356,111,111,112,248,274,364,103,115,129,1,0,1,2,1,3
"2019-08-05",261,249,354,101,115,110,244,264,372,100,105,133,256,272,365,92,133,118,1,0,2,4,0,4
"2019-08-06",266,279,376,118,121,127,246,261,360,110,129,113,273,275,363,100,122,131,2,4,1,0,0,1
"2019-08-07",274,269,362,100,135,123,258,276,372,98,115,121,263,269,351,90,127,134,7,2,1,0,4,2
"2019-08-08",272,254,380,104,128,111,246,273,359,114,122,132,251,263,367,87,141,129,3,2,1,3,1,3
"2019-08-09",247,281,356,101,112,121,246,280,354,93,118,116,253,271,359,96,115,122,3,0,0,0,1,0
"2019-08-10",245,267,374,96,121,123,258,282,355,117,125,135,252,269,372,109,117,106,1,3,2,0,2,2
"2019-08-11",259,276,353,110,132,123,277,264,366,108,125,117,268,263,366,88,117,108,5,0,0,0,3,3
"2019-08-12",251,263,360,92,121,125,258,275,355,114,112,93,245,272,370,107,130,121,5,3,3,0,4,0
"2019-08-13",265,266,344,100,111,114,278,268,364,91,136,122,266,263,353,87,120,112,3,1,3,4,0,3
"2019-08-14",249,262,361,97,110,97,259,274,355,94,118,111,273,283,355,110,114,117,0,2,0,2,6,0
"2019-08-15",236,261,374,99,127,116,258,263,377,105,120,127,250,276,370,114,119,112,0,1,4,0,0,0
"2019-08-16",262,258,377,116,98,116,263,272,356,115,137,119,229,262,348,92,121,119,4,4,0,4,0,2
"2019-08-17",263,270,348,101,125,119,247,264,358,89,118,113,250,262,377,108,130,130,2,4,5,4,2,4
"2019-08-18",262,261,378,105,128,117,261,280,360,88,120,112,274,265,362,97,108,120,3,0,0,5,0,3
"2019-08-19",240,273,352,82,111,131,256,271,339,124,107,104,261,268,360,83,115,107,0,2,4,2,2,6
"2019-08-20",256,260,360,80,122,120,250,276,350,106,129,119,260,265,348,107,118,123,0,0,1,1,0,0
"2019-08-21",258,264,366,91,111,141,235,280,371,104,113,124,265,269,372,101,110,78,0,1,3,0,1,5
"2019-08-22",259,266,355,93,132,95,272,270,373,104,118,127,251,291,362,108,121,128,0,4,1,3,2,1
"2019-08-23",256,269,354,85,115,133,252,269,373,88,121,103,276,283,362,103,114,130,0,0,1,0,0,2
"2019-08-24",238,277,350,87,123,133,270,275,362,94,124,122,253,279,351,100,132,125,2,1,0,5,2,6
"2019-08-25",253,251,348,79,119,120,263,278,345,109,111,114,240,286,367,109,112,117,3,2,0,3,3,0
"2019-08-26",251,265,354,123,142,107,258,261,359,108,101,141,265,279,347,122,128,116,0,3,1,0,0,1
"2019-08-27",263,273,369,110,124,127,258,267,364,106,109,113,260,279,349,113,111,121,1,0,2,0,2,0
"2019-08-28",260,285,352,103,128,109,253,263,348,110,132,115,252,269,366,104,121,111,2,2,0,1,3,0
"2019-08-29",272,264,363,115,122,127,267,264,353,104,106,105,269,275,368,104,113,105,0,1,0,2,0,1
"2019-08-30",260,279,363,95,135,108,261,257,366,91,129,124,270,278,369,83,123,121,0,0,1,1,5,1
"2019-08-31",277,289,363,89,119,121,254,261,367,97,103,126,243,271,327,98,113,123,5,6,1,5,2,1
"2019-09-01",254,232,368,77,108,71,269,242,356,74,110,65,268,224,343,92,81,99,1,0,1,1,0,2
"2019-09-02",267,230,366,69,92,74,279,252,350,85,84,81,254,225,353,67,98,82,6,5,2,0,1,1
"2019-09-03",266,245,366,64,105,82,267,225,376,84,100,70,280,230,362,72,90,85,1,3,1,1,0,2
"2019-09-04",261,207,392,78,92,86,254,244,354,85,89,78,270,239,366,86,94,71,3,1,1,1,0,1
"2019-09-05",268,234,356,77,83,79,266,242,344,84,86,60,261,237,361,85,105,66,2,6,2,3,3,1
"2019-09-06",283,241,355,67,100,70,263,246,352,94,92,81,251,243,362,85,104,77,3,5,1,0,6,2
"2019-09-07",261,237,348,85,106,69,241,256,368,73,111,79,252,248,365,86,115,73,3,1,1,6,3,0
"2019-09-08",273,259,342,96,86,65,267,237,361,74,65,74,265,247,359,87,97,84,4,3,6,0,3,0
"2019-09-09",276,243,345,86,111,48,242,239,357,87,95,83,260,240,352,69,112,63,2,0,0,2,3,1
"2019-09-10",262,230,374,69,104,64,259,250,363,87,83,84,278,257,349,71,87,71,2,4,1,5,4,6
"2019-09-11",263,243,381,90,84,78,261,236,343,76,105,83,274,255,359,87,113,68,0,1,0,0,2,4
"2019-09-12",268,233,351,82,87,76,251,232,365,100,88,72,262,240,346,83,78,62,2,2,3,3,0,2
"2019-09-13",271,244,350,76,77,73,244,241,374,90,91,50,274,245,362,81,118,88,3,0,0,3,2,3
"2019-09-14",281,227,363,57,98,79,259,233,357,82,92,62,274,253,359,93,109,79,1,0,5,4,1,2
"2019-09-15",237,227,357,78,100,97,267,246,355,80,120,78,277,233,370,72,109,79,0,2,2,0,1,1
"2019-09-16",255,241,365,64,103,103,268,208,339,80,93,99,257,235,374,86,79,85,3,3,3,1,4,1
"2019-09-17",266,243,358,92,103,71,262,249,358,86,104,82,254,259,358,95,99,78,0,2,1,2,2,1
"2019-09-18",273,239,354,78,100,83,274,225,368,96,77,76,249,247,345,84,98,64,0,0,1,1,5,4
"2019-09-19",268,262,344,89,94,81,281,235,371,82,105,89,266,230,357,79,103,79,0,0,2,5,4,2
"2019-09-20",273,227,368,91,93,80,271,228,359,66,84,85,262,235,363,89,122,80,4,3,0,1,2,0
"2019-09-21",270,249,357,100,96,61,252,239,374,70,90,73,270,260,360,58,101,92,3,2,5,3,0,0
"2019-09-22",267,236,365,94,90,78,267,237,359,85,82,86,272,244,377,99,120,85,0,0,1,0,5,3
"2019-09-23",266,250,339,88,108,84,253,238,358,51,95,88,253,246,359,80,91,74,5,5,2,0,2,0
"2019-09-24",260,236,355,68,82,81,276,232,374,70,87,67,262,228,339,73,86,84,2,1,0,2,2,0
"2019-09-25",278,239,352,77,81,85,283,235,365,69,86,87,274,230,360,74,101,64,0,3,1,5,1,4
"2019-09-26",252,237,361,93,83,75,258,251,365,79,98,62,260,257,365,60,88,77,3,1,1,0,1,3
"2019-09-27",286,240,358,85,100,69,271,234,364,85,99,80,258,237,363,77,89,89,5,0,5,1,1,4
"2019-09-28",258,241,358,81,115,77,245,239,368,72,102,76,259,247,352,57,102,69,7,7,3,0,1,3
"2019-09-29",259,233,350,83,99,82,264,237,362,87,76,82,274,232,370,64,110,74,0,1,2,2,2,1
"2019-09-30",252,234,332,86,106,80,269,250,364,88,89,86,256,233,356,87,97,81,5,0,1,1,0,3
"2019-10-01",271,230,368,77,98,78,244,231,375,88,115,70,257,256,369,87,80,53,2,5,0,7,4,0
"2019-10-02",252,229,376,77,87,88,249,242,366,87,87,79,269,233,349,80,101,72,0,6,5,4,2,3
"2019-10-03",256,239,378,90,105,76,273,249,372,85,101,95,266,246,366,95,100,85,4,4,1,1,0,4
"2019-10-04",274,241,362,78,92,72,271,239,362,93,114,73,268,263,332,67,104,90,1,0,6,0,1,2
"2019-10-05",284,266,369,68,102,79,290,228,364,92,95,76,262,242,377,76,99,58,2,1,4,0,2,4
"2019-10-06",266,257,352,74,90,76,281,234,359,82,79,79,261,221,369,82,96,64,4,0,3,1,2,1
"2019-10-07",270,241,356,73,86,75,256,235,370,91,92,74,283,219,354,91,89,83,5,8,5,2,3,2
"2019-10-08",257,237,350,74,126,76,258,213,355,86,93,79,237,237,349,78,110,101,1,2,3,1,0,1
"2019-10-09",270,222,351,81,83,96,254,243,357,70,86,85,252,233,352,74,99,83,1,5,6,2,6,1
"2019-10-10",264,240,366,89,98,74,271,229,346,73,88,97,265,254,362,84,87,96,3,1,2,1,0,2
"2019-10-11",259,238,367,86,112,77,270,243,351,77,101,73,274,232,354,86,101,79,4,6,3,0,0,0
"2019-10-12",268,233,363,89,114,74,266,254,347,74,98,89,239,238,345,70,111,96,2,2,1,3,1,7
"2019-10-13",255,243,361,81,109,85,273,228,363,86,104,66,275,249,366,66,94,78,4,1,1,1,3,0
"2019-10-14",245,231,365,69,87,72,259,253,354,68,101,69,249,240,375,91,92,78,0,4,0,1,0,3
"2019-10-15",262,234,370,76,102,73,259,253,358,85,102,80,234,234,338,70,91,80,0,1,8,1,0,2
"2019-10-16",268,229,367,72,96,64,260,243,343,76,108,90,268,221,349,74,122,86,0,2,3,2,3,1
"2019-10-17",264,247,338,84,116,80,272,228,367,82,75,74,267,247,365,78,94,69,3,0,1,0,0,0
"2019-10-18",251,249,348,93,103,88,274,242,359,78,112,78,266,229,367,92,83,77,1,1,3,4,1,5
"2019-10-19",260,227,348,87,105,68,250,225,352,95,111,76,284,260,371,77,92,79,1,2,1,3,1,2
"2019-10-20",257,246,370,76,100,72,257,228,364,68,105,79,249,241,361,74,108,100,1,1,1,3,0,0
"2019-10-21",271,258,354,96,96,83,261,229,357,81,108,68,266,247,342,72,105,80,0,0,0,2,0,0
"2019-10-22",270,240,365,61,94,94,264,233,373,81,114,81,250,240,353,78,76,101,3,7,0,1,4,4
"2019-10-23",274,245,353,72,99,81,277,242,346,82,96,80,270,240,349,80,97,82,0,2,1,2,1,2
"2019-10-24",267,240,377,94,91,85,264,235,351,79,100,92,267,231,371,80,88,68,0,0,4,0,3,0
"2019-10-25",246,233,379,85,94,74,267,242,369,91,95,86,277,225,348,72,109,83,3,2,1,1,0,1
"2019-10-26",257,244,337,78,106,84,266,231,353,80,82,90,254,239,357,70,103,76,2,0,0,5,2,3
"2019-10-27",255,255,355,83,101,77,263,226,376,79,93,95,258,240,344,81,114,77,3,3,0,1,1,3
"2019-10-28",274,241,335,88,103,67,262,237,349,64,96,84,266,227,367,81,100,74,2,1,3,1,6,0
"2019-10-29",276,222,364,98,101,97,245,247,355,83,99,68,267,237,351,84,85,65,9,2,1,0,4,2
"2019-10-30",259,250,355,95,91,85,286,239,358,61,107,82,272,242,348,68,88,79,0,0,2,6,1,1
"2019-10-31",260,255,366,98,76,91,256,236,361,97,98,67,260,256,342,89,90,80,2,2,1,3,4,2
"2019-11-01",270,225,369,80,87,76,271,261,367,60,100,92,287,247,373,65,118,75,5,3,2,2,0,1
"2019-11-02",263,243,358,78,91,74,266,246,337,76,93,78,279,249,364,69,102,69,0,0,3,0,4,0
"2019-11-03",265,221,356,86,111,74,280,245,370,73,103,98,254,249,354,88,74,84,3,6,6,3,0,0
"2019-11-04",269,239,373,77,103,96,271,240,363,66,89,74,283,235,362,73,101,88,0,9,0,5,1,7
"2019-11-05",277,231,359,93,104,79,255,255,362,87,106,74,268,240,371,65,102,76,4,2,3,6,2,4
"2019-11-06",271,234,362,84,92,83,265,254,360,82,98,88,266,233,365,84,109,67,2,3,1,1,1,0
"2019-11-07",267,243,359,68,94,98,257,245,345,84,87,86,269,218,358,86,101,82,2,6,3,2,0,1
"2019-11-08",272,233,340,79,108,88,260,232,371,88,104,86,257,244,351,76,95,84,6,1,2,7,1,2
"2019-11-09",260,239,357,93,85,72,270,235,360,75,101,95,282,249,369,72,81,85,0,3,2,1,3,3
"2019-11-10",271,239,355,97,109,82,279,227,362,71,91,89,263,245,368,54,99,82,3,0,3,0,0,3
"2019-11-11",258,231,359,73,108,72,266,239,352,74,97,75,267,247,367,86,97,96,0,4,3,1,0,2
"2019-11-12",277,231,361,75,98,85,252,241,363,66,106,85,274,242,364,66,99,76,2,2,2,1,3,0
"2019-11-13",259,261,363,88,89,86,283,240,363,74,103,81,266,254,358,62,106,79,1,3,0,0,3,1
"2019-11-14",278,239,355,92,92,81,272,229,343,74,99,79,270,252,366,90,113,76,5,1,0,0,1,4
"2019-11-15",260,233,383,77,88,86,266,247,354,70,100,86,265,230,358,77,101,66,3,1,0,0,6,2
"2019-11-16",263,237,357,100,102,92,268,252,365,71,104,80,254,245,365,93,115,101,1,2,2,3,3,1
"2019-11-17",268,248,354,72,98,70,255,249,355,86,104,54,269,223,353,88,105,84,0,6,0,1,0,1
"2019-11-18",258,237,384,84,102,89,284,229,362,74,102,81,247,221,347,79,99,71,1,1,4,0,1,0
"2019-11-19",260,228,346,87,98,79,260,238,351,78,99,73,267,241,368,68,122,75,1,0,2,3,1,0
"2019-11-20",264,235,351,69,100,58,265,228,370,76,119,71,261,248,364,76,97,76,5,3,2,0,1,3
"2019-11-21",263,261,382,77,93,90,251,239,366,87,82,87,259,237,360,86,89,75,2,0,2,0,2,0
"2019-11-22",259,247,363,73,108,76,281,249,383,93,101,71,278,223,347,73,94,90,2,5,0,1,1,1
"2019-11-23",270,230,349,83,83,70,262,245,357,80,86,67,260,238,367,89,95,74,3,3,2,1,0,0
"2019-11-24",268,263,348,84,116,71,264,232,363,81,97,80,276,251,348,92,100,62,6,0,1,3,2,5
"2019-11-25",281,242,352,82,91,68,254,236,360,86,95,85,275,248,339,80,105,69,1,4,1,4,1,0
"2019-11-26",263,247,348,78,83,75,257,231,380,61,106,65,253,248,373,77,84,74,1,5,2,0,3,0
"2019-11-27",251,240,358,81,91,65,257,241,359,73,102,76,260,242,340,81,77,74,3,1,1,0,2,2
"2019-11-28",262,230,369,78,82,76,262,245,361,79,91,94,267,244,356,83,113,103,1,2,0,4,3,2
"2019-11-29",253,241,350,96,124,76,288,238,366,66,108,74,259,234,362,75,111,78,0,1,3,2,5,2
"2019-11-30",271,231,357,93,102,100,275,263,333,78,106,69,259,236,384,86,110,81,1,1,0,0,4,2
"2019-12-01",232,251,373,94,101,81,273,246,360,96,93,65,264,248,362,82,97,87,1,3,1,0,9,1
"2019-12-02",261,236,349,77,98,97,255,240,354,70,109,84,269,252,352,78,88,68,3,4,0,1,2,3
"2019-12-03",262,264,328,80,127,83,249,251,368,75,78,61,272,251,347,75,89,67,0,6,1,6,2,4
"2019-12-04",269,231,375,83,92,76,264,228,371,79,109,93,271,248,367,60,100,60,2,3,1,4,5,0
"2019-12-05",269,247,367,78,96,99,267,254,360,66,110,86,246,233,362,89,100,78,2,11,3,0,1,0
"2019-12-06",252,230,368,61,95,63,260,228,377,81,95,75,270,246,362,66,99,85,0,2,2,0,5,4
"2019-12-07",274,244,365,82,109,89,273,236,370,79,102,74,270,245,354,65,99,83,1,0,2,3,1,1
"2019-12-08",258,238,378,58,108,76,253,218,355,78,102,68,260,217,335,83,122,79,1,1,2,1,2,4
"2019-12-09",280,230,341,72,110,77,257,251,351,73,101,86,276,245,358,54,92,82,1,2,2,0,1,0
"2019-12-10",263,247,352,85,101,79,270,233,361,64,86,93,273,254,359,74,102,75,0,1,2,5,0,0
"2019-12-11",252,245,368,93,98,85,252,228,366,73,100,84,249,224,367,80,99,79,0,0,3,2,2,1
"2019-12-12",266,236,363,97,93,87,260,220,356,81,105,108,289,250,361,89,91,81,2,3,1,2,1,1
"2019-12-13",274,240,346,71,102,75,274,243,368,70,115,83,271,227,351,80,107,79,2,0,1,4,3,4
"2019-12-14",280,235,362,93,104,81,265,235,361,72,94,81,263,224,333,79,94,83,0,2,1,1,6,4
"2019-12-15",259,231,349,76,101,99,264,251,361,71,94,83,281,236,364,85,98,64,1,0,0,1,0,4
"2019-12-16",261,246,361,84,92,69,262,236,371,81,90,71,269,241,368,79,110,83,3,2,0,1,0,2
"2019-12-17",269,254,354,92,112,78,287,243,355,82,126,76,257,237,360,76,86,65,1,1,1,1,4,0
"2019-12-18",270,253,361,79,103,83,266,243,372,61,110,80,249,238,364,79,108,70,1,0,5,1,2,0
"2019-12-19",264,237,353,76,94,94,264,252,365,85,89,78,255,239,355,76,93,89,7,1,4,0,3,0
"2019-12-20",278,245,356,93,104,83,268,224,364,74,89,94,285,224,340,83,104,80,0,0,0,1,5,1
"2019-12-21",264,251,350,74,105,70,265,248,359,87,97,86,271,231,354,87,123,78,0,0,1,1,2,2
"2019-12-22",276,243,389,62,102,78,269,242,353,75,100,75,268,241,353,71,100,78,1,2,0,0,1,1
"2019-12-23",261,227,361,91,110,81,280,246,371,84,100,98,276,249,349,87,106,92,0,0,1,0,3,3
"2019-12-24",250,232,381,85,114,67,281,241,335,81,101,81,269,236,349,76,95,87,2,2,5,1,0,1
"2019-12-25",250,249,372,94,93,74,258,227,352,60,107,82,239,224,365,85,100,90,1,0,4,7,1,3
"2019-12-26",263,244,356,76,91,82,258,231,372,84,86,83,267,240,364,96,104,98,1,1,1,3,8,0
"2019-12-27",268,239,338,52,88,74,264,232,370,71,106,94,249,236,382,67,99,71,0,2,0,0,3,3
"2019-12-28",251,239,363,58,106,83,274,253,349,68,100,67,249,248,353,82,104,66,2,1,7,4,1,2
"2019-12-29",258,247,356,85,88,66,274,239,356,85,104,88,266,241,353,82,113,72,6,3,1,3,2,4
"2019-12-30",250,255,355,71,94,79,271,242,367,97,99,85,275,244,361,65,121,89,3,6,1,0,0,1
"2019-12-31",260,219,352,81,111,72,262,233,351,83,95,108,262,233,341,86,98,83,1,0,0,1,0,4
"2020-01-01",265,241,363,67,101,77,263,234,358,80,101,73,270,235,350,70,105,67,1,2,4,0,1,4
"2020-01-02",276,229,352,77,124,77,251,239,355,64,104,91,256,228,346,71,101,89,1,4,1,1,3,2
"2020-01-03",262,240,357,93,89,83,258,222,362,76,100,63,253,234,371,97,86,83,1,0,2,3,7,1
"2020-01-04",279,237,368,76,109,81,234,243,381,75,114,82,267,241,388,86,112,103,1,2,0,3,3,2
"2020-01-05",259,230,359,62,100,82,262,237,361,73,92,89,263,230,375,82,93,74,5,2,1,3,0,0
"2020-01-06",255,227,368,89,84,76,248,244,374,106,102,86,252,244,375,77,108,75,0,1,2,2,3,3
"2020-01-07",265,245,370,71,97,78,265,232,361,79,83,77,246,236,359,80,94,67,1,3,4,0,7,1
"2020-01-08",275,237,349,73,94,99,277,237,363,79,97,52,259,242,360,83,91,86,0,1,0,2,2,3
"2020-01-09",259,235,358,75,94,90,282,227,372,78,101,82,282,250,365,80,85,84,3,0,1,1,3,3
"2020-01-10",267,254,347,91,96,87,263,247,371,73,92,80,263,239,361,58,105,75,2,1,1,1,4,1
"2020-01-11",264,231,358,79,94,98,270,248,354,83,105,87,259,245,371,64,102,60,3,1,1,5,1,1
"2020-01-12",267,231,363,79,79,64,275,265,350,89,89,84,279,250,357,78,107,103,0,0,4,4,3,0
"2020-01-13",279,229,374,69,112,64,272,249,362,87,81,93,267,232,347,73,101,87,0,5,1,4,2,1
"2020-01-14",264,252,352,75,98,63,257,236,353,68,84,74,265,234,360,87,101,91,0,4,0,4,2,5
"2020-01-15",255,245,353,77,96,72,263,248,374,79,85,97,262,246,368,82,97,70,4,1,1,0,3,1
"2020-01-16",255,258,372,92,104,92,270,236,353,87,92,60,275,237,353,77,95,74,0,4,2,3,2,2
"2020-01-17",269,231,351,80,93,77,282,243,366,64,108,76,244,239,348,85,94,72,2,0,0,0,1,1
"2020-01-18",251,237,373,79,97,89,273,254,374,76,91,66,262,240,351,71,97,84,4,2,1,6,1,5
"2020-01-19",267,240,354,93,78,68,251,234,368,73,99,76,278,249,361,82,102,72,4,0,1,2,4,0
"2020-01-20",254,237,355,88,92,82,268,253,357,76,113,94,262,250,358,87,104,70,3,2,4,3,1,0
"2020-01-21",283,242,350,72,124,77,254,252,364,76,107,86,252,246,364,84,97,90,7,3,3,4,0,1
"2020-01-22",272,218,345,70,89,86,263,240,356,87,105,88,278,236,361,69,99,90,2,3,2,3,2,0
"2020-01-23",263,245,356,77,96,84,274,247,362,76,123,91,249,265,374,99,110,74,5,7,2,1,2,2
"2020-01-24",267,231,361,68,113,80,263,232,370,90,95,94,274,231,348,78,112,91,2,3,0,0,3,0
"2020-01-25",280,243,355,93,91,88,272,247,360,71,111,76,266,247,356,81,101,89,0,0,1,0,0,2
"2020-01-26",272,251,387,106,79,84,261,237,361,90,94,70,266,237,377,59,91,65,2,1,3,1,1,0
"2020-01-27",265,237,357,74,117,72,254,219,357,76,106,75,282,231,365,71,112,87,6,1,8,0,8,4
"2020-01-28",263,237,377,80,103,87,261,246,348,76,102,76,279,234,379,82,92,72,3,2,0,2,0,2
"2020-01-29",260,246,366,76,111,78,267,230,343,79,99,69,265,232,358,72,92,64,0,1,5,2,2,1
"2020-01-30",249,238,372,74,81,64,268,248,351,81,100,72,258,241,370,72,87,82,0,2,0,0,2,4
"2020-01-31",260,238,353,81,119,84,268,242,344,83,90,64,285,228,361,94,112,85,1,0,0,4,3,2
"2020-02-01",262,225,362,76,99,76,256,257,375,68,104,80,257,253,342,70,115,69,1,0,1,0,2,8
"2020-02-02",266,238,360,79,84,86,276,252,361,80,104,82,271,236,378,93,99,71,1,2,1,3,0,3
"2020-02-03",266,250,381,80,112,71,258,230,367,74,105,89,266,249,343,97,111,60,0,1,1,1,1,1
"2020-02-04",262,234,361,74,73,81,240,236,347,80,93,86,272,238,357,85,104,81,0,2,0,0,1,1
"2020-02-05",272,243,368,78,110,72,246,233,354,57,112,77,281,236,352,81,105,100,4,4,5,0,2,1
"2020-02-06",249,261,363,82,107,88,264,260,368,79,116,68,265,250,356,79,97,74,0,3,0,1,3,0
"2020-02-07",260,231,356,76,91,84,262,243,342,70,113,78,275,251,356,71,89,76,3,2,2,3,1,2
"2020-02-08",242,236,364,87,102,88,283,237,356,65,91,89,265,233,359,81,83,67,2,8,3,0,0,0
"2020-02-09",249,261,354,104,108,77,255,229,371,82,94,89,255,222,346,88,76,73,0,1,0,0,0,3
"2020-02-10",277,260,361,68,107,84,285,241,340,80,111,75,250,238,352,81,91,75,0,2,1,3,2,3
"2020-02-11",238,232,345,84,86,109,270,227,349,87,88,79,288,241,359,95,117,74,0,1,4,0,1,1
"2020-02-12",269,238,368,82,98,85,279,237,356,92,96,67,267,241,374,80,114,78,4,3,0,2,6,2
"2020-02-13",259,241,371,96,91,89,263,224,375,94,116,87,256,240,345,104,109,67,2,0,0,0,2,2
"2020-02-14",289,243,366,73,107,94,253,235,366,85,107,78,264,247,363,64,118,84,1,0,0,2,4,0
"2020-02-15",278,240,364,65,94,93,250,263,366,102,118,74,269,245,382,84,100,73,1,2,0,0,2,2
"2020-02-16",276,243,358,84,100,86,279,228,368,79,110,75,264,232,377,78,113,82,0,1,2,3,1,1
"2020-02-17",254,247,348,73,88,86,264,242,364,67,98,100,253,244,353,76,96,81,4,5,0,2,1,2
"2020-02-18",284,243,376,75,99,78,264,245,362,91,106,72,273,238,363,75,111,88,1,0,1,1,1,3
"2020-02-19",232,238,358,80,126,89,258,241,361,80,96,72,272,257,359,98,98,72,2,1,4,1,2,2
"2020-02-20",265,229,366,70,84,88,258,232,371,51,109,87,266,239,367,56,107,110,4,0,0,2,0,0
"2020-02-21",259,240,363,84,105,82,274,260,368,61,104,76,266,234,356,84,103,75,1,5,0,3,2,0
"2020-02-22",249,238,369,58,114,72,262,237,336,76,94,87,264,241,371,82,105,74,0,0,0,2,1,4
"2020-02-23",246,247,359,92,99,94,264,225,346,82,102,81,263,237,368,91,105,67,1,1,0,0,1,0
"2020-02-24",257,221,351,95,100,79,249,220,357,90,114,70,261,229,364,75,95,70,0,2,0,1,1,0
"2020-02-25",272,253,364,93,84,81,267,242,368,86,101,77,283,215,356,79,102,81,2,2,6,1,1,1
"2020-02-26",262,245,357,88,106,89,283,241,361,82,95,82,251,246,346,76,99,104,1,2,2,1,3,0
"2020-02-27",262,235,373,97,106,83,255,227,375,71,103,45,257,219,369,71,99,92,2,2,1,1,4,0
"2020-02-28",264,246,354,90,86,81,269,232,362,87,86,79,244,239,347,79,96,84,4,2,0,0,3,1
"2020-02-29",261,208,379,46,105,70,271,251,338,82,109,63,260,246,365,89,104,88,5,0,1,2,0,1
"2020-03-01",268,225,366,85,111,79,279,244,363,75,99,67,256,243,342,95,105,77,0,1,4,0,2,0
"2020-03-02",279,226,380,88,111,76,271,225,363,69,106,76,278,236,364,64,104,73,7,2,1,1,1,3
"2020-03-03",245,239,349,76,85,80,268,247,354,70,85,63,277,244,355,111,90,89,0,0,3,3,2,1
"2020-03-04",281,232,374,91,98,86,254,244,351,86,93,78,269,247,359,68,110,70,1,2,5,3,2,0
"2020-03-05",280,251,391,98,100,76,277,226,373,75,105,92,270,243,361,96,91,78,0,3,0,0,1,1
"2020-03-06",270,236,364,82,111,81,263,223,352,79,91,79,276,224,347,80,95,68,0,1,3,1,2,1
"2020-03-07",268,241,367,83,88,82,263,233,363,69,94,79,245,249,365,90,83,70,1,3,2,0,3,0
"2020-03-08",262,235,362,77,91,73,290,234,362,87,96,75,261,239,375,90,95,97,7,9,1,4,3,3
"2020-03-09",273,250,356,65,103,76,274,226,383,80,88,80,255,247,359,86,121,82,0,3,1,1,0,1
"2020-03-10",257,246,356,79,93,82,264,252,350,80,107,59,253,231,339,83,100,103,0,4,2,1,4,2
"2020-03-11",246,234,367,69,107,76,283,235,348,73,103,80,275,241,361,82,113,86,0,2,7,0,1,1
"2020-03-12",263,253,356,82,106,67,271,236,359,84,109,91,273,267,364,80,101,78,0,0,0,1,2,0
"2020-03-13",264,263,362,61,103,69,266,238,367,90,97,80,246,236,365,68,94,70,2,4,1,0,6,7
"2020-03-14",267,270,361,86,96,73,263,246,332,94,92,75,259,265,369,93,98,71,1,1,3,6,2,2
"2020-03-15",272,236,369,80,93,105,251,243,355,67,96,89,254,235,358,76,99,85,1,1,0,1,0,3
"2020-03-16",257,232,356,79,86,67,278,240,361,68,111,85,261,252,362,82,111,91,5,0,1,0,0,4
"2020-03-17",270,229,363,67,105,80,274,245,370,65,105,69,268,248,351,86,92,82,0,1,0,1,0,4
"2020-03-18",255,236,361,82,105,75,265,241,362,86,109,86,267,243,357,79,111,79,3,4,0,7,1,4
"2020-03-19",259,235,359,86,111,80,257,235,369,86,103,66,269,236,360,101,108,74,3,1,0,1,0,5
"2020-03-20",267,253,359,71,96,88,261,242,372,58,97,69,255,231,372,83,88,77,2,5,3,0,6,0
"2020-03-21",258,231,375,86,85,88,242,240,367,66,93,90,258,250,350,79,89,92,7,0,5,1,0,2
"2020-03-22",257,249,351,80,100,75,259,232,368,60,119,58,275,232,343,75,97,67,2,1,3,0,1,1
"2020-03-23",268,241,369,86,90,80,260,221,350,69,106,79,263,248,364,71,94,85,0,0,3,3,0,4
"2020-03-24",263,233,350,81,96,71,249,229,378,73,97,72,281,227,340,85,109,86,3,4,2,0,0,0
"2020-03-25",270,256,371,70,84,75,262,246,359,81,86,88,258,226,356,91,101,61,1,6,2,2,5,3
"2020-03-26",273,250,361,92,101,76,265,229,357,80,86,79,257,254,336,84,115,92,2,1,0,1,5,1
"2020-03-27",255,242,352,78,96,63,254,236,338,93,107,89,256,240,366,74,97,81,3,4,1,5,0,4
"2020-03-28",268,238,350,88,113,69,269,244,370,79,83,79,269,252,360,92,89,78,0,2,0,0,2,2
"2020-03-29",257,233,352,74,99,65,274,237,368,80,90,89,244,245,363,86,103,67,1,2,1,1,1,0
"2020-03-30",285,255,376,82,109,85,269,244,358,61,101,80,264,247,361,74,88,65,1,1,3,1,2,4
"2020-03-31",268,228,364,67,101,73,269,245,358,79,95,82,273,243,359,93,91,78,0,1,1,2,3,3
"2020-04-01",257,248,359,85,111,69,257,225,355,75,90,80,268,243,356,100,84,67,0,0,1,1,4,1
"2020-04-02",260,245,353,85,115,81,253,243,368,86,110,97,267,240,353,92,97,100,1,3,1,0,4,3
"2020-04-03",266,258,357,82,93,78,271,249,349,82,89,86,284,232,362,78,90,69,0,5,4,2,2,2
"2020-04-04",263,237,358,85,103,82,251,226,343,62,86,98,269,239,345,71,110,81,0,0,1,3,1,0
"2020-04-05",266,235,350,88,100,69,273,247,363,81,95,79,281,236,358,75,104,90,7,3,0,2,5,3
"2020-04-06",262,240,358,79,96,77,267,239,365,69,100,74,254,229,372,81,108,82,0,0,1,5,9,0
"2020-04-07",269,233,355,85,110,73,264,241,354,85,107,79,272,253,360,100,70,68,4,0,1,1,0,4
"2020-04-08",272,247,362,72,111,89,276,244,375,87,101,67,257,247,367,92,98,72,1,1,1,2,4,4
"2020-04-09",270,232,378,63,75,75,274,250,371,82,118,79,261,227,367,73,94,72,2,1,4,5,4,5
"2020-04-10",281,234,362,51,95,82,259,252,362,79,99,93,257,232,362,62,93,98,2,2,0,0,1,1
"2020-04-11",277,237,352,76,82,76,262,227,352,78,115,72,259,239,362,82,102,88,2,0,6,1,0,3
"2020-04-12",255,251,363,67,87,87,253,233,354,80,107,85,273,245,355,73,102,76,6,1,1,0,1,1
"2020-04-13",264,245,365,69,116,87,264,225,353,65,88,72,269,245,361,85,99,84,1,1,0,2,5,3
"2020-04-14",271,231,363,87,81,60,269,252,375,85,90,75,266,244,349,80,102,83,4,0,0,2,1,1
"2020-04-15",273,241,366,109,109,91,266,228,353,61,83,65,249,248,359,84,121,73,2,2,0,1,0,2
"2020-04-16",271,263,357,75,84,81,265,246,366,58,101,86,283,225,360,84,99,94,0,1,3,7,3,0
"2020-04-17",273,232,341,89,93,66,253,237,352,70,106,89,269,236,366,78,110,83,1,0,0,0,1,0
"2020-04-18",257,258,356,71,105,80,251,251,363,99,110,84,258,234,375,81,104,76,0,5,0,3,4,4
"2020-04-19",252,213,353,86,86,76,260,248,360,85,117,63,259,230,363,81,87,66,1,2,0,2,2,5
"2020-04-20",265,237,360,82,87,67,269,256,365,71,93,72,260,268,359,92,107,60,2,0,0,2,3,3
"2020-04-21",265,259,347,91,96,93,267,235,358,70,96,86,264,250,351,68,105,90,1,0,3,0,4,3
"2020-04-22",276,244,359,80,73,70,262,241,369,99,114,76,270,250,348,89,119,55,2,2,1,2,2,5
"2020-04-23",270,241,378,84,92,82,264,238,350,76,95,85,261,244,367,71,100,85,5,0,2,2,2,0
"2020-04-24",270,247,361,72,85,69,275,248,371,92,67,47,266,225,353,65,112,60,2,5,1,0,0,0
"2020-04-25",260,233,362,92,92,79,262,247,361,74,85,103,254,245,337,87,101,89,0,1,1,1,0,1
"2020-04-26",263,226,345,69,102,96,254,230,361,53,102,75,266,228,355,80,79,80,3,1,1,1,5,5
"2020-04-27",268,242,375,77,91,68,246,231,352,85,110,86,267,229,350,96,94,86,3,1,0,0,1,4
"2020-04-28",263,241,371,78,89,81,264,228,355,87,115,69,269,229,351,64,109,82,0,3,1,0,0,4
"2020-04-29",238,270,366,72,94,94,266,235,346,76,96,82,263,231,374,88,95,82,2,4,1,4,1,2
"2020-04-30",255,234,360,94,83,95,283,232,371,72,89,72,253,244,342,94,90,91,4,2,2,2,1,5
"2020-05-01",262,236,348,81,112,75,275,252,378,83,100,63,273,238,368,63,98,77,1,1,4,1,1,4
"2020-05-02",280,217,362,72,84,42,272,219,350,66,79,24,279,194,363,67,94,33,2,3,2,4,1,2
"2020-05-03",268,196,358,62,72,43,269,219,359,66,79,28,252,212,359,58,84,54,0,2,2,1,5,2
"2020-05-04",270,204,367,67,76,59,269,203,357,33,65,25,284,226,367,53,72,31,0,1,0,2,4,0
"2020-05-05",274,216,355,57,90,28,261,200,363,60,61,38,265,225,346,70,79,45,2,7,2,8,2,5
"2020-05-06",293,208,371,63,77,55,270,197,355,52,71,49,253,223,368,51,71,52,0,0,3,0,1,0
"2020-05-07",260,213,361,59,85,38,269,205,355,66,82,41,251,219,362,63,65,28,2,2,4,1,2,5
"2020-05-08",285,198,357,75,60,32,265,211,355,35,74,47,274,210,370,58,77,40,5,2,1,2,0,5
"2020-05-09",277,211,367,62,84,36,265,219,359,58,82,55,299,205,352,65,77,52,0,1,0,1,2,1
"2020-05-10",275,193,361,69,53,44,260,197,357,61,79,46,268,210,353,56,103,34,0,2,1,2,2,1
"2020-05-11",258,215,354,51,96,43,265,214,337,56,91,30,251,200,361,64,72,45,2,0,2,0,8,2
"2020-05-12",256,230,354,65,85,31,254,195,380,53,79,43,259,207,359,65,81,42,1,1,0,0,3,0
"2020-05-13",268,213,353,62,64,31,252,205,348,59,92,24,269,216,353,56,68,27,2,4,2,1,1,3
"2020-05-14",278,188,364,63,67,36,271,214,366,68,69,41,277,220,354,48,91,38,1,5,1,5,2,3
"2020-05-15",278,203,355,76,75,41,282,193,347,66,74,49,267,211,365,50,87,55,2,3,0,4,0,4
"2020-05-16",254,200,364,42,79,45,283,225,376,71,94,45,280,203,350,58,81,38,3,3,2,3,1,1
"2020-05-17",272,199,364,58,77,43,254,183,358,52,80,38,282,203,362,42,90,17,2,8,0,0,1,1
"2020-05-18",245,212,367,59,91,40,289,207,370,44,82,43,265,198,362,39,53,28,1,0,1,4,1,1
"2020-05-19",283,196,342,68,94,39,285,185,379,62,83,44,257,222,364,51,68,34,2,0,5,0,1,4
"2020-05-20",275,230,367,54,74,36,283,195,361,70,89,42,274,199,359,57,77,47,0,0,0,5,0,1
"2020-05-21",270,222,375,44,87,40,287,214,343,66,61,35,270,225,338,69,69,58,0,3,5,0,4,5
"2020-05-22",286,228,364,49,82,32,264,218,365,81,72,53,281,207,348,47,83,58,0,2,2,5,1,0
"2020-05-23",287,210,344,58,76,59,253,207,347,68,85,38,272,202,374,53,71,24,0,2,1,0,3,0
"2020-05-24",278,213,340,50,86,33,260,210,374,57,78,51,279,216,344,47,73,57,2,2,8,1,1,0
"2020-05-25",268,197,356,53,73,68,277,227,373,65,82,53,255,205,365,65,84,30,1,1,1,3,1,7
"2020-05-26",287,212,364,55,65,39,272,221,355,59,80,32,267,211,363,61,103,31,1,5,3,2,5,4
"2020-05-27",269,228,357,52,93,48,278,190,365,70,71,35,263,208,354,47,76,39,0,2,2,1,4,3
"2020-05-28",262,196,360,55,87,48,265,221,345,66,87,41,258,212,362,74,76,43,1,2,1,0,3,4
"2020-05-29",284,214,377,63,72,38,260,195,331,69,73,48,271,213,378,86,64,47,0,1,3,0,1,6
"2020-05-30",272,197,370,84,74,29,269,212,367,51,97,35,255,196,357,59,88,28,4,1,5,2,0,1
"2020-05-31",260,223,362,77,69,41,261,223,356,50,93,36,261,221,367,62,85,39,0,3,1,4,5,0
"2020-06-01",278,219,355,72,104,36,266,216,347,56,75,36,259,195,356,47,87,39,4,1,0,1,3,2
"2020-06-02",274,219,365,55,99,33,264,206,362,52,72,33,267,219,360,57,82,48,2,1,1,0,4,0
"2020-06-03",285,208,347,56,65,43,272,211,367,59,73,42,271,222,370,61,66,30,0,0,2,1,2,3
"2020-06-04",266,209,354,66,84,30,264,217,359,63,57,39,264,189,341,59,88,27,3,0,1,4,0,0
"2020-06-05",275,220,352,77,94,30,284,215,374,65,82,36,265,217,345,64,80,32,1,3,5,3,2,0
"2020-06-06",279,203,359,62,76,40,266,226,357,44,80,31,270,202,346,48,83,26,1,1,1,3,4,2
"2020-06-07",265,188,373,68,82,46,266,201,359,63,98,48,252,226,374,64,83,46,0,4,3,0,2,1
"2020-06-08",277,209,338,46,69,50,266,210,375,64,90,53,257,214,379,63,74,45,2,0,5,4,1,3
"2020-06-09",287,209,377,74,75,43,267,214,358,40,67,43,269,202,380,65,73,42,7,2,4,0,0,1
"2020-06-10",261,205,378,58,58,47,270,205,346,67,81,37,272,211,353,85,72,35,5,0,5,2,2,0
"2020-06-11",261,195,358,72,82,45,256,214,349,72,89,52,267,193,363,77,93,31,7,1,1,4,6,0
"2020-06-12",263,193,367,54,93,45,244,205,339,69,90,47,281,219,347,56,85,41,4,1,3,2,0,1
"2020-06-13",275,201,342,43,85,41,263,211,361,48,64,40,274,205,362,73,61,38,2,3,2,1,2,2
"2020-06-14",261,210,341,73,96,39,276,205,363,63,83,22,256,224,367,50,87,32,1,2,5,1,0,2
"2020-06-15",274,214,376,45,93,45,261,196,358,43,84,36,269,227,373,56,84,39,3,5,2,2,5,4
"2020-06-16",275,204,366,53,64,57,289,218,364,66,92,28,269,206,355,69,78,37,5,0,3,5,1,2
"2020-06-17",279,195,362,66,85,49,296,199,359,81,77,35,265,191,362,65,72,42,1,0,4,0,1,2
"2020-06-18",262,215,368,68,82,38,259,213,370,70,65,52,261,217,354,27,69,47,2,0,0,1,4,3
"2020-06-19",283,220,345,67,88,33,271,202,368,50,94,41,273,205,348,46,78,37,3,0,0,3,0,4
"2020-06-20",256,201,367,61,74,47,274,212,363,55,76,49,259,190,368,60,95,38,9,9,1,5,1,1
"2020-06-21",266,228,379,60,69,49,274,203,358,62,73,30,289,214,340,52,64,36,0,2,0,0,0,3
"2020-06-22",259,208,370,67,72,42,278,206,368,57,79,36,270,226,352,47,61,37,1,1,5,0,4,2
"2020-06-23",275,220,358,56,81,40,262,209,350,52,82,46,270,210,349,70,74,27,3,4,0,1,1,5
"2020-06-24",269,212,363,64,79,29,285,218,365,38,59,47,267,194,380,59,79,34,2,2,0,0,3,0
"2020-06-25",268,231,361,66,105,42,278,204,369,60,78,51,259,206,352,58,100,28,4,3,4,0,9,0
"2020-06-26",246,221,375,64,87,44,259,206,349,69,70,41,269,210,360,64,73,40,0,0,4,2,8,2
"2020-06-27",255,203,365,49,78,35,261,192,361,63,91,46,271,221,374,43,100,52,1,3,4,1,2,1
"2020-06-28",290,216,352,69,94,32,260,216,357,75,73,48,282,207,355,71,84,35,3,3,2,2,0,1
"2020-06-29",273,194,357,58,94,47,272,216,353,68,76,52,281,208,361,77,86,29,1,3,2,0,3,3
"2020-06-30",277,201,360,83,96,28,263,224,358,68,80,46,270,205,350,40,84,17,0,4,4,0,3,3
"2020-07-01",271,205,373,69,73,61,275,216,367,61,71,41,260,230,384,60,76,47,3,1,4,2,0,2
"2020-07-02",263,210,348,72,95,33,271,201,355,65,81,46,270,239,349,78,75,37,1,1,4,3,1,2
"2020-07-03",276,220,358,62,72,29,268,216,357,55,74,29,267,230,367,57,74,42,1,3,6,1,7,3
"2020-07-04",262,215,367,56,82,37,259,195,364,68,87,34,271,200,363,79,97,9,1,1,0,1,3,0
"2020-07-05",280,205,347,66,93,40,264,204,365,49,91,49,261,207,350,60,93,40,2,1,1,4,0,1
"2020-07-06",249,206,363,71,78,32,278,210,373,55,81,37,278,204,368,69,93,57,3,1,4,1,0,7
"2020-07-07",272,197,355,61,93,49,270,214,369,75,68,45,272,214,358,62,98,40,1,4,0,2,3,1
"2020-07-08",266,198,366,63,91,47,279,208,355,62,71,56,269,200,354,62,82,28,4,3,6,1,1,1
"2020-07-09",274,216,353,58,79,51,294,217,360,63,86,42,270,220,347,66,68,40,0,3,6,0,0,0
"2020-07-10",273,217,351,69,82,36,275,206,368,73,95,51,268,204,349,59,96,58,1,1,3,1,3,2
"2020-07-11",278,195,359,71,70,30,263,195,384,64,89,37,264,209,359,55,74,46,1,2,1,2,0,1
"2020-07-12",270,214,353,65,92,47,275,199,346,59,67,52,276,216,356,65,77,48,4,1,1,2,3,3
"2020-07-13",275,215,372,99,84,45,270,189,359,62,51,42,261,197,365,76,86,44,1,1,8,4,0,1
"2020-07-14",274,208,367,61,86,28,250,197,370,46,89,34,265,203,363,67,86,36,0,0,3,5,2,0
"2020-07-15",280,214,349,60,67,49,279,185,350,42,77,47,276,228,354,72,89,38,1,2,4,1,1,3
"2020-07-16",269,220,345,54,82,41,273,205,351,57,79,35,275,200,356,55,79,33,0,6,0,0,2,3
"2020-07-17",271,205,361,67,76,40,272,213,366,52,97,41,269,195,376,40,81,46,1,1,2,0,1,0
"2020-07-18",256,200,379,64,78,32,273,183,370,70,85,41,259,207,358,68,82,40,5,1,0,1,5,0
"2020-07-19",274,221,364,41,78,38,287,205,377,66,81,33,280,201,368,79,69,34,2,4,0,4,0,7
"2020-07-20",257,213,365,61,82,31,269,228,366,66,86,40,264,206,344,56,92,28,0,4,3,4,3,0
"2020-07-21",293,203,354,71,90,42,272,197,355,64,92,45,260,205,361,67,79,44,5,0,0,2,0,4
"2020-07-22",274,198,369,64,70,16,246,228,357,46,91,41,267,196,360,47,65,57,0,2,1,2,3,5
"2020-07-23",277,219,368,67,83,56,267,216,364,63,72,27,283,213,350,90,81,43,2,2,6,6,0,3
"2020-07-24",269,206,364,43,87,48,260,221,347,36,67,36,275,201,361,35,80,46,8,5,0,1,2,2
"2020-07-25",278,208,364,56,102,48,266,207,353,60,79,47,254,220,356,67,91,39,0,2,4,3,0,2
"2020-07-26",278,209,359,73,82,33,264,219,369,40,96,52,276,215,358,50,74,40,2,0,2,3,0,1
"2020-07-27",267,221,355,64,88,59,288,210,354,55,88,40,271,202,371,62,66,45,0,5,3,5,1,2
"2020-07-28",264,225,367,59,69,24,254,194,373,57,85,52,264,230,349,69,99,41,1,3,1,1,1,1
"2020-07-29",268,213,365,67,83,30,267,208,352,55,85,47,272,205,364,72,75,39,5,2,7,1,2,5
"2020-07-30",274,199,376,58,78,36,240,203,348,51,72,40,279,208,341,52,77,31,2,0,0,1,3,3
"2020-07-31",284,221,351,61,85,39,273,209,366,52,84,33,265,203,362,64,71,26,3,1,4,0,2,1
"2020-08-01",271,211,349,53,89,43,262,206,348,66,89,54,273,214,368,60,96,48,0,1,1,3,1,0
"2020-08-02",248,222,373,53,67,58,273,217,361,71,64,44,275,217,354,67,83,38,1,1,3,2,3,0
"2020-08-03",266,210,359,56,87,45,267,203,363,65,83,35,253,225,370,63,77,35,1,4,4,1,1,2
"2020-08-04",261,191,342,59,85,55,252,213,367,81,88,46,251,222,360,61,55,52,0,1,0,8,3,3
"2020-08-05",288,211,361,77,73,45,269,202,353,66,75,49,264,218,372,55,80,50,3,1,1,5,2,4
"2020-08-06",250,230,360,52,75,51,272,213,352,63,63,43,253,215,354,63,61,46,3,4,4,1,0,1
"2020-08-07",265,220,365,67,76,36,269,203,394,58,90,54,275,202,354,59,106,39,1,0,2,1,5,0
"2020-08-08",260,202,368,52,82,36,277,211,362,66,74,48,282,208,365,64,102,22,2,0,1,2,2,0
"2020-08-09",277,222,356,49,81,54,291,210,364,66,83,62,272,219,352,54,93,57,1,1,3,0,1,5
"2020-08-10",271,207,351,62,91,29,271,215,369,58,90,34,265,223,365,60,65,53,0,1,5,1,1,0
"2020-08-11",282,238,369,56,87,51,285,199,371,58,82,47,258,209,365,53,68,34,0,8,0,1,4,2
"2020-08-12",274,219,376,66,82,25,254,207,354,68,74,33,263,223,352,57,83,43,3,1,5,2,1,0
"2020-08-13",270,205,364,57,80,28,283,216,347,60,80,38,282,203,359,57,80,46,1,8,0,4,1,5
"2020-08-14",285,207,369,48,80,50,276,225,359,41,95,62,263,206,354,63,66,40,3,1,0,2,0,1
"2020-08-15",259,213,368,68,60,29,272,212,360,55,81,51,250,210,338,60,72,39,1,0,4,2,0,0
"2020-08-16",267,202,371,61,71,39,252,205,362,63,74,37,272,213,369,70,76,52,1,2,0,1,7,1
"2020-08-17",269,228,356,61,77,29,282,213,354,80,87,36,275,218,354,61,80,36,2,2,0,1,1,0
"2020-08-18",266,214,361,54,80,37,276,205,364,80,90,47,269,218,359,69,86,24,2,5,2,4,1,4
"2020-08-19",254,200,339,59,84,29,276,199,355,68,83,48,270,199,364,58,92,54,3,0,5,0,3,0
"2020-08-20",255,210,352,75,82,52,277,205,353,63,92,32,267,211,357,83,79,43,0,0,1,4,2,4
"2020-08-21",285,208,366,43,84,26,279,210,353,46,85,36,267,216,351,73,87,35,2,1,3,0,2,2
"2020-08-22",263,206,364,56,79,44,279,192,375,69,79,34,268,201,373,49,85,39,1,2,6,3,0,0
"2020-08-23",291,220,352,67,79,41,284,207,343,59,82,39,284,191,368,67,85,42,1,1,1,1,0,1
"2020-08-24",277,190,357,53,75,41,285,191,364,55,82,47,260,193,359,50,69,56,0,2,2,8,6,2
"2020-08-25",264,204,356,63,79,48,280,206,362,54,73,40,273,199,347,61,97,41,0,0,0,0,3,3
"2020-08-26",285,216,350,60,83,39,281,198,380,55,64,43,292,223,354,60,65,21,5,3,0,2,0,1
"2020-08-27",276,214,344,62,68,18,269,202,359,58,85,25,255,219,371,61,80,28,1,0,0,5,0,0
"2020-08-28",268,210,358,59,79,38,268,209,357,71,78,34,259,223,363,61,92,39,2,1,0,0,3,2
"2020-08-29",277,209,369,59,77,33,256,211,362,62,74,38,289,215,340,45,74,30,3,3,0,5,2,7
"2020-08-30",273,211,369,63,81,49,261,192,346,60,70,41,268,211,363,56,77,34,0,0,1,2,0,1
"2020-08-31",282,223,355,60,74,40,267,204,363,62,78,35,273,215,348,52,89,25,0,0,2,0,0,0
"2020-09-01",258,194,365,64,91,66,271,200,362,59,79,48,283,206,354,64,82,30,1,3,1,2,4,2
"2020-09-02",259,219,355,56,98,37,285,212,378,64,84,52,259,218,345,56,75,31,1,0,0,0,0,0
"2020-09-03",263,189,360,80,61,36,270,217,360,47,65,47,263,216,346,55,73,30,1,3,0,3,2,3
"2020-09-04",276,234,363,49,68,45,264,205,377,55,72,37,272,211,353,65,76,40,1,2,1,2,0,2
"2020-09-05",267,202,352,66,74,31,251,208,360,59,93,56,249,207,362,46,87,41,0,0,5,3,1,3
"2020-09-06",264,205,345,56,73,38,274,195,352,64,75,65,281,218,347,61,97,46,3,1,0,5,1,3
"2020-09-07",278,198,364,74,71,36,270,221,346,63,67,58,267,229,357,62,66,64,0,0,1,1,2,3
"2020-09-08",260,211,335,59,78,38,276,218,368,52,84,39,287,200,373,70,88,37,0,4,3,7,0,2
"2020-09-09",255,215,364,69,84,31,261,229,369,80,68,51,265,201,362,61,94,43,3,0,7,0,0,1
"2020-09-10",273,218,356,54,78,48,275,203,378,72,81,47,279,217,349,61,102,31,0,1,1,0,0,0
"2020-09-11",276,214,378,57,84,38,272,218,365,44,71,34,266,216,350,66,81,34,1,5,2,3,3,0
"2020-09-12",253,208,357,51,68,44,266,221,348,54,73,42,261,212,388,54,79,47,1,0,1,3,1,0
"2020-09-13",280,220,358,59,83,42,248,202,357,70,92,45,267,197,349,50,99,28,3,0,0,0,3,4
"2020-09-14",280,214,357,53,71,35,273,213,340,50,75,35,292,202,359,68,68,57,4,0,0,1,4,3
"2020-09-15",261,219,366,65,77,36,273,208,356,63,74,43,266,219,359,46,96,45,5,4,0,1,0,1
"2020-09-16",262,193,353,74,88,43,253,219,367,64,81,37,272,205,365,64,67,37,0,3,0,0,5,4
"2020-09-17",272,190,347,84,95,38,261,189,358,50,105,40,264,203,346,67,76,36,6,0,4,4,0,7
"2020-09-18",273,230,366,49,79,44,264,222,364,66,78,37,266,212,365,52,93,21,0,1,3,1,2,0
"2020-09-19",281,195,353,55,73,38,266,225,360,59,77,43,252,215,357,53,67,28,0,0,1,0,1,5
"2020-09-20",269,226,360,54,90,37,280,227,379,53,60,41,262,222,362,57,88,51,0,1,0,4,1,1
"2020-09-21",284,213,356,54,86,22,284,201,383,66,88,19,254,211,368,58,74,51,0,2,0,1,0,2
"2020-09-22",258,207,359,47,78,35,252,190,377,50,74,26,272,224,363,52,88,37,1,3,2,0,4,3
"2020-09-23",281,219,353,60,99,54,274,193,364,44,103,39,272,232,343,51,60,30,6,0,2,0,2,0
"2020-09-24",271,201,357,68,76,31,270,233,354,49,100,55,263,202,374,43,82,53,0,7,3,2,0,1
"2020-09-25",267,214,359,68,69,21,289,201,353,87,87,34,280,209,344,69,82,25,1,1,1,2,2,4
"2020-09-26",253,224,379,47,77,35,285,190,360,62,77,41,283,206,355,41,91,40,1,0,1,0,2,7
"2020-09-27",279,203,357,62,72,26,260,204,346,71,77,35,265,208,358,53,78,26,3,2,0,1,1,0
"2020-09-28",265,198,364,74,61,25,282,218,360,46,82,37,259,216,370,65,71,48,5,0,0,0,0,0
"2020-09-29",271,197,357,54,79,47,263,208,377,65,65,47,277,240,369,63,85,22,1,1,6,5,1,0
"2020-09-30",271,221,369,73,75,36,265,196,372,66,84,37,266,200,371,51,90,32,1,1,3,0,1,3
"2020-10-01",270,201,348,58,100,31,277,206,368,76,81,49,265,220,355,58,88,40,2,4,0,5,1,1
"2020-10-02",271,214,358,63,88,41,262,214,366,76,78,45,247,208,358,54,92,40,0,1,1,4,2,1
"2020-10-03",265,209,353,55,95,38,264,211,364,58,101,38,275,220,364,37,79,48,2,0,0,0,3,4
"2020-10-04",273,198,360,63,85,31,273,211,369,64,77,60,256,208,356,71,75,37,0,2,3,0,0,0
"2020-10-05",251,226,359,54,84,48,260,212,370,47,76,20,255,208,350,50,79,40,2,2,2,0,1,4
"2020-10-06",263,212,370,76,73,37,268,212,368,54,83,43,257,207,364,57,66,25,3,0,3,1,3,1
"2020-10-07",261,230,376,52,82,56,277,213,356,43,92,57,273,210,371,49,84,21,3,0,2,1,2,0
"2020-10-08",266,204,349,64,75,29,279,199,353,61,82,54,264,223,352,69,80,31,2,1,2,3,2,4
"2020-10-09",268,205,368,76,102,36,268,195,366,44,75,39,259,224,357,67,56,52,5,5,1,0,2,1
"2020-10-10",283,202,358,69,56,36,267,206,360,49,88,34,278,210,346,75,86,40,8,0,2,1,4,0
"2020-10-11",279,212,362,60,96,50,272,223,372,62,94,37,255,182,352,56,103,28,4,2,0,0,4,2
"2020-10-12",263,203,373,74,88,50,277,201,358,65,86,33,258,216,352,58,72,41,1,3,1,0,0,1
"2020-10-13",249,206,374,69,69,43,273,202,360,61,81,41,279,204,353,70,76,46,4,0,4,4,1,6
"2020-10-14",257,194,361,53,84,36,271,203,361,62,84,31,280,217,360,42,82,66,7,1,0,4,1,4
"2020-10-15",264,213,354,75,64,32,260,210,368,58,93,44,266,197,360,66,93,47,1,0,0,2,2,0
"2020-10-16",255,202,358,67,69,52,269,227,359,62,89,25,261,225,363,56,89,49,2,8,3,0,0,0
"2020-10-17",289,227,363,65,82,35,275,197,365,56,72,33,242,209,351,50,67,60,3,1,1,3,0,2
"2020-10-18",265,201,366,66,55,43,272,205,353,60,81,48,269,215,347,55,92,51,0,4,2,3,3,0
"2020-10-19",276,206,367,58,82,44,280,225,358,51,81,36,263,215,364,66,92,47,2,3,0,1,3,7
"2020-10-20",269,218,360,58,59,31,276,214,355,65,71,30,265,198,359,56,66,45,1,0,1,1,0,3
"2020-10-21",257,200,360,54,78,28,259,222,356,68,70,27,267,200,359,55,82,34,3,1,2,1,3,1
"2020-10-22",266,231,347,52,64,21,274,202,363,58,80,51,250,201,342,94,83,42,2,3,0,1,2,2
"2020-10-23",285,194,362,72,83,43,265,222,356,46,81,68,284,217,371,53,74,48,2,2,4,3,0,2
"2020-10-24",286,210,363,65,69,17,254,200,360,67,85,38,276,226,356,63,92,49,1,1,1,2,3,1
"2020-10-25",257,195,355,63,76,42,266,210,361,69,96,40,278,222,369,74,87,24,1,2,1,0,0,5
"2020-10-26",260,201,362,54,67,35,262,200,343,46,79,52,259,204,367,63,77,48,7,1,1,6,0,2
"2020-10-27",275,202,365,62,77,42,278,213,358,66,87,31,261,228,356,48,86,52,2,0,1,4,3,1
"2020-10-28",284,230,369,78,102,29,265,210,366,65,76,32,274,227,352,69,77,33,2,3,3,4,5,1
"2020-10-29",269,230,365,51,91,35,274,214,343,45,76,56,266,209,357,53,71,30,0,0,2,2,3,1
"2020-10-30",267,215,348,59,89,32,273,211,362,88,94,18,265,196,371,62,80,42,1,1,4,6,0,2
"2020-10-31",272,213,362,49,79,41,274,221,359,46,66,27,260,197,360,61,70,48,1,2,3,5,4,3
"2020-11-01",295,207,368,72,84,37,276,204,348,58,70,30,272,219,362,54,80,61,2,1,4,2,1,3
"2020-11-02",271,192,364,52,90,59,253,198,363,55,79,35,255,217,349,78,77,33,2,7,6,1,1,0
"2020-11-03",252,221,356,65,75,36,254,208,354,62,73,31,273,211,354,74,83,32,4,4,5,0,0,3
"2020-11-04",266,199,371,72,72,37,286,205,369,45,76,51,266,213,363,56,91,32,1,0,0,1,0,0
"2020-11-05",275,216,341,69,78,58,255,218,361,66,83,42,278,210,362,62,91,36,2,2,3,0,0,5
"2020-11-06",258,218,354,69,102,44,268,207,351,54,89,36,283,214,353,73,70,35,6,1,6,0,4,1
"2020-11-07",284,206,371,52,81,27,260,209,373,56,72,41,273,211,351,62,85,38,8,6,1,5,0,1
"2020-11-08",275,216,356,53,95,37,278,206,376,53,77,37,244,205,348,65,73,36,3,0,0,0,2,1
"2020-11-09",274,218,359,39,73,49,259,209,372,65,71,49,256,225,374,47,88,28,0,1,1,0,1,2
"2020-11-10",249,201,344,51,78,51,263,214,348,41,83,26,274,205,356,59,67,34,2,0,5,3,1,1
"2020-11-11",267,205,356,71,87,33,285,215,364,52,80,47,269,207,361,52,79,45,0,4,6,3,6,4
"2020-11-12",281,213,371,67,93,47,259,199,363,71,93,44,279,198,354,44,91,35,0,0,4,2,1,7
"2020-11-13",277,230,355,69,71,36,262,201,362,64,61,23,285,214,354,39,78,28,0,1,3,3,1,0
"2020-11-14",275,225,348,60,77,17,282,217,363,31,80,55,269,224,372,51,73,43,0,3,1,2,0,1
"2020-11-15",269,208,366,47,66,18,267,211,352,70,63,36,279,221,364,49,103,57,2,1,3,4,0,0
"2020-11-16",267,202,357,80,55,38,266,175,350,62,76,27,277,197,376,68,69,48,5,1,1,2,1,0
"2020-11-17",266,192,355,57,81,45,263,210,363,59,86,33,275,235,347,73,74,32,4,6,2,1,4,4
"2020-11-18",255,195,365,66,91,32,263,216,364,58,84,41,288,202,363,66,74,36,1,4,5,0,1,4
"2020-11-19",266,208,353,61,84,50,275,209,356,75,79,43,271,209,355,69,92,46,4,2,0,1,0,2
"2020-11-20",266,221,364,75,81,41,266,215,362,56,82,43,258,211,354,48,78,49,4,2,0,2,0,3
"2020-11-21",268,229,366,69,81,44,268,202,376,41,72,53,279,212,364,43,73,38,2,4,4,6,1,3
"2020-11-22",260,214,353,46,85,31,259,209,358,55,73,33,269,212,374,46,81,38,3,1,2,0,3,2
"2020-11-23",279,207,355,35,84,60,279,200,371,59,78,49,263,230,370,71,81,54,2,4,0,0,2,1
"2020-11-24",266,209,353,60,70,48,273,202,368,70,74,39,265,184,355,44,77,36,3,0,0,2,1,0
"2020-11-25",263,206,357,58,66,50,268,223,358,59,91,37,276,169,347,64,86,52,2,0,2,1,4,3
"2020-11-26",251,221,365,71,76,42,263,213,363,52,73,41,256,204,356,58,62,34,1,4,0,1,0,1
"2020-11-27",283,216,357,65,83,37,280,203,354,70,73,48,264,222,360,58,82,50,1,0,1,0,0,0
"2020-11-28",276,218,356,57,78,39,272,202,351,68,80,36,249,204,367,83,75,29,1,2,0,1,6,4
"2020-11-29",267,191,349,31,81,45,259,211,368,53,62,36,264,212,360,56,79,57,2,1,0,1,1,1
"2020-11-30",277,221,360,59,74,37,261,201,352,62,76,49,280,221,373,62,69,41,5,1,5,0,1,5
"2020-12-01",265,215,370,67,84,48,265,219,359,68,76,43,274,192,361,64,73,37,0,4,1,2,1,1
"2020-12-02",246,211,355,48,77,44,266,205,347,51,81,33,271,185,353,52,77,40,1,3,1,0,0,5
"2020-12-03",265,220,358,58,82,24,258,203,350,71,75,47,258,213,349,72,91,47,0,1,2,4,1,2
"2020-12-04",264,195,368,69,71,40,275,202,365,58,78,22,250,224,365,52,87,34,10,3,2,4,4,2
"2020-12-05",267,220,361,52,78,70,282,207,358,49,92,44,276,205,355,55,81,40,1,3,0,4,6,1
"2020-12-06",271,219,344,65,81,30,276,202,348,55,85,34,268,208,360,67,61,37,1,0,0,0,4,4
"2020-12-07",289,193,360,51,77,36,289,209,366,64,82,59,277,212,348,56,68,23,1,1,0,6,2,1
"2020-12-08",263,205,352,54,91,26,274,205,348,55,77,35,267,211,366,57,91,44,3,0,5,4,0,2
"2020-12-09",259,210,379,67,92,48,274,211,359,55,80,23,261,203,350,71,59,42,0,1,3,0,0,1
"2020-12-10",277,211,346,64,90,38,267,204,362,45,68,44,271,208,364,67,63,19,0,1,0,1,6,2
"2020-12-11",272,212,371,77,71,32,278,215,370,75,83,64,279,203,363,79,78,28,3,1,0,1,2,0
"2020-12-12",277,224,346,69,80,40,260,208,363,60,93,51,265,207,368,68,81,55,3,0,0,4,3,2
"2020-12-13",268,210,380,51,100,27,284,211,363,81,68,48,255,195,360,53,92,41,3,1,4,3,0,0
"2020-12-14",278,202,372,56,85,32,266,222,384,59,88,35,252,210,367,66,68,29,3,3,2,1,1,4
"2020-12-15",260,216,353,61,81,37,264,202,367,73,83,23,269,206,365,76,66,33,1,0,0,1,2,2
"2020-12-16",273,219,374,50,84,37,268,206,364,50,85,34,280,216,358,60,80,50,1,3,4,2,3,0
"2020-12-17",273,204,345,48,69,43,291,202,361,68,74,20,270,195,349,43,77,43,2,6,0,3,4,1
"2020-12-18",261,209,354,64,87,38,281,200,361,70,70,33,268,204,344,66,75,24,0,0,0,2,0,2
"2020-12-19",271,221,337,75,75,47,274,218,344,61,81,29,270,204,373,63,81,40,4,5,0,2,5,4
"2020-12-20",271,193,369,66,92,28,284,197,351,83,77,36,261,201,367,73,75,46,0,0,0,2,3,9
"2020-12-21",274,228,348,67,84,38,276,222,363,68,72,25,280,208,362,52,77,24,3,1,3,3,2,2
"2020-12-22",278,215,367,59,85,33,268,214,378,61,71,19,278,214,346,54,56,32,0,1,0,2,0,2
"2020-12-23",264,220,363,63,102,37,257,211,357,66,70,39,260,199,374,53,85,37,1,5,1,1,0,5
"2020-12-24",281,211,370,68,93,25,275,206,338,73,83,27,287,230,350,52,87,40,3,0,2,0,2,2
"2020-12-25",257,205,362,59,96,37,269,195,346,67,71,40,280,213,368,73,77,33,1,3,0,0,0,0
"2020-12-26",273,219,367,65,66,29,249,208,348,56,82,43,264,201,363,84,75,47,1,1,0,3,1,1
"2020-12-27",288,196,371,61,82,39,267,203,346,69,93,40,269,221,362,52,95,42,2,0,2,0,5,2
"2020-12-28",279,222,361,51,80,39,264,175,375,52,76,18,266,204,359,44,78,46,0,0,0,0,2,3
"2020-12-29",262,225,372,63,51,68,267,208,358,51,70,40,276,202,340,64,77,44,3,0,3,3,2,1
"2020-12-30",269,203,357,80,62,49,277,223,367,64,71,29,264,231,370,47,91,42,0,2,1,0,4,0
"2020-12-31",258,201,354,68,82,29,266,209,370,66,82,47,277,204,384,50,71,34,3,1,1,0,1,0
